time_s,object_resistance_R
180.126,14299.29
181.208,14710.14
182.291,14710.14
183.373,14473.68
184.455,14650.6
185.538,14830.1
186.621,14591.35
187.704,14591.35
188.787,14532.37
189.87,14650.6
190.953,14769.98
192.051,14769.98
193.133,14769.98
194.215,14769.98
195.297,14769.98
196.38,14591.35
197.463,14650.6
198.545,14769.98
199.628,14532.37
200.71,14710.14
201.794,14650.6
202.878,14710.14
203.961,14650.6
205.044,14710.14
206.127,14769.98
207.209,14591.35
208.292,14769.98
209.375,14650.6
210.458,14650.6
211.541,14830.1
212.623,14591.35
213.706,14769.98
214.788,14591.35
215.87,14830.1
216.952,14710.14
218.034,14473.68
219.117,14710.14
220.2,14591.35
221.283,14769.98
222.366,14710.14
223.464,14769.98
224.547,14710.14
225.63,14532.37
226.712,14532.37
227.795,14650.6
228.877,14591.35
229.959,14650.6
231.042,14710.14
232.125,14650.6
233.207,14473.68
234.29,14710.14
235.372,14591.35
236.454,14769.98
237.536,14650.6
238.618,14591.35
239.701,14591.35
240.784,14830.1
241.866,14650.6
242.949,14769.98
244.031,14710.14
245.114,14890.51
246.196,14650.6
247.279,14710.14
248.362,14830.1
249.445,14650.6
250.527,14532.37
251.609,14532.37
252.692,14532.37
253.789,14710.14
254.872,14710.14
255.954,14591.35
257.036,14591.35
258.119,14650.6
259.202,14650.6
260.285,14532.37
261.367,14650.6
262.45,14650.6
263.533,14532.37
264.617,14473.68
265.706,14890.51
266.789,14769.98
267.872,14591.35
268.955,14650.6
270.038,14710.14
271.121,14532.37
272.203,14591.35
273.287,14769.98
274.369,14650.6
275.452,14650.6
276.534,14591.35
277.616,14710.14
278.698,14591.35
279.78,14710.14
280.863,14769.98
281.945,14710.14
283.028,14591.35
284.126,14650.6
285.209,14710.14
286.292,14650.6
287.375,14890.51
288.457,14650.6
289.54,14591.35
290.622,14532.37
291.705,14473.68
292.788,15511.22
293.871,14591.35
294.953,14532.37
296.036,14532.37
297.119,14650.6
298.202,14532.37
299.285,14473.68
300.368,14591.35
301.45,14650.6
302.533,14591.35
303.616,14591.35
304.699,14532.37
305.782,14532.37
306.865,14532.37
307.948,14532.37
309.031,14473.68
310.115,14591.35
311.199,14591.35
312.283,14473.68
313.366,14591.35
314.449,14591.35
315.546,14591.35
316.628,14415.27
317.71,14415.27
318.793,14473.68
319.875,14591.35
320.958,14591.35
322.041,14532.37
323.125,14591.35
324.207,14591.35
325.29,14591.35
326.372,14532.37
327.454,14473.68
328.537,14650.6
329.62,14473.68
330.703,14591.35
331.786,14532.37
332.868,14532.37
333.951,14591.35
335.034,14591.35
336.116,14532.37
337.199,14650.6
338.281,14769.98
339.364,14591.35
340.446,14591.35
341.528,14532.37
342.611,14650.6
343.694,14710.14
344.776,14650.6
345.874,14591.35
346.956,14650.6
348.039,14650.6
349.122,14650.6
350.204,14650.6
351.287,14710.14
352.37,14710.14
353.452,14769.98
354.535,14650.6
355.617,14710.14
356.7,14830.1
357.782,14769.98
358.865,14710.14
359.947,14769.98
361.029,14710.14
362.111,14830.1
363.194,14769.98
364.277,14830.1
365.36,14830.1
366.443,14830.1
367.526,14951.22
368.61,15197.05
369.694,14830.1
370.777,14890.51
371.86,14951.22
372.944,14951.22
374.027,14951.22
375.11,14951.22
376.193,14951.22
377.29,14890.51
378.373,14830.1
379.456,14951.22
380.539,14890.51
381.622,14890.51
382.705,14951.22
383.788,14830.1
384.871,14951.22
385.954,14830.1
387.037,14830.1
388.12,14951.22
389.203,14769.98
390.286,14890.51
391.369,14890.51
392.452,14830.1
393.535,14890.51
394.618,14890.51
395.7,14951.22
396.783,14890.51
397.865,14951.22
398.947,14951.22
400.029,14890.51
401.113,14890.51
402.202,14890.51
403.285,14890.51
404.368,14951.22
405.45,14890.51
406.532,15012.23
407.631,15012.23
408.714,14890.51
409.797,14890.51
410.879,14951.22
411.962,14890.51
413.045,14890.51
414.128,14830.1
415.211,14951.22
416.294,14830.1
417.376,14830.1
418.458,14830.1
419.54,14830.1
420.623,14830.1
421.706,14830.1
422.788,14890.51
423.872,14890.51
424.955,14890.51
426.038,14890.51
427.121,14890.51
428.204,14890.51
429.288,14890.51
430.37,15012.23
431.453,14951.22
432.537,15135.14
433.619,15012.23
434.703,14951.22
435.786,15012.23
436.868,14951.22
437.951,15447.76
439.048,15384.62
440.13,15575.0
441.212,15447.76
442.293,15384.62
443.374,15384.62
444.455,15384.62
445.536,15321.78
446.617,15384.62
447.698,15384.62
448.779,15447.76
449.86,15384.62
450.941,15321.78
452.022,15384.62
453.103,15384.62
454.184,15384.62
455.265,15384.62
456.346,15384.62
457.427,15384.62
458.508,15384.62
459.589,15384.62
460.67,15447.76
461.751,15447.76
462.832,14710.14
463.913,15447.76
464.994,15384.62
466.075,15321.78
467.156,15384.62
468.237,15384.62
469.334,15321.78
470.415,15384.62
471.496,15384.62
472.577,15384.62
473.658,15447.76
474.739,15384.62
475.82,15384.62
476.901,15321.78
477.982,15321.78
479.063,15321.78
480.144,15321.78
481.225,15321.78
482.306,15321.78
483.387,15259.26
484.468,15321.78
485.549,15259.26
486.629,15321.78
487.709,15259.26
488.789,15321.78
489.869,15259.26
490.949,15321.78
492.029,15197.05
493.109,15321.78
494.189,15197.05
495.269,15259.26
496.349,15321.78
497.429,15321.78
498.509,15259.26
499.589,15197.05
500.683,15197.05
501.764,15259.26
502.845,15321.78
503.926,15321.78
505.007,15321.78
506.088,15259.26
507.169,15321.78
508.25,15197.05
509.331,15259.26
510.412,15259.26
511.493,15197.05
512.574,15197.05
513.655,15259.26
514.736,15197.05
515.817,15135.14
516.898,15197.05
517.979,15259.26
519.06,15135.14
520.143,15197.05
521.225,15135.14
522.307,14532.37
523.389,15135.14
524.471,15135.14
525.553,15384.62
526.635,15135.14
527.717,15197.05
528.799,15135.14
529.882,15197.05
530.98,15259.26
532.062,15073.53
533.144,15135.14
534.226,15135.14
535.308,15073.53
536.39,15135.14
537.481,15135.14
538.563,15135.14
539.646,15135.14
540.729,15197.05
541.812,15135.14
542.895,15012.23
543.979,15073.53
545.063,15135.14
546.145,15073.53
547.228,15073.53
548.31,15197.05
549.393,15197.05
550.475,15012.23
551.557,15073.53
552.64,15073.53
553.722,15384.62
554.804,15073.53
555.887,14951.22
556.969,15012.23
558.051,15012.23
559.133,14951.22
560.215,15012.23
561.312,14890.51
562.394,15012.23
563.476,14951.22
564.558,15012.23
565.641,14890.51
566.724,15012.23
567.806,15012.23
568.888,15012.23
569.97,15012.23
571.052,14951.22
572.134,15012.23
573.217,15012.23
574.3,14951.22
575.382,15012.23
576.465,15073.53
577.547,14951.22
578.63,14890.51
579.712,15135.14
580.795,15135.14
581.877,15135.14
582.96,15135.14
584.043,15135.14
585.126,15197.05
586.208,15197.05
587.29,15197.05
588.373,15135.14
589.457,15135.14
590.54,15197.05
591.622,15135.14
592.72,15197.05
593.802,15135.14
594.885,15135.14
595.967,15135.14
597.049,15135.14
598.132,15259.26
599.215,15135.14
600.298,15073.53
601.38,15639.1
602.462,15135.14
603.545,15135.14
604.627,15012.23
605.709,14890.51
606.792,15073.53
607.876,14951.22
608.96,14890.51
610.043,14951.22
611.126,15012.23
612.209,14951.22
613.292,15012.23
614.375,15012.23
615.458,15575.0
616.541,15197.05
617.625,15073.53
618.708,15197.05
619.791,15197.05
620.874,15259.26
621.956,15197.05
623.054,15259.26
624.137,15321.78
625.22,15384.62
626.303,15447.76
627.385,15511.22
628.469,16502.59
629.552,15575.0
630.635,15511.22
631.717,15575.0
632.799,15575.0
633.882,15639.1
634.965,15511.22
636.047,15639.1
637.129,15639.1
638.212,15639.1
639.295,15703.52
640.378,15703.52
641.461,15768.26
642.543,15768.26
643.625,15703.52
644.708,15703.52
645.791,15833.33
646.873,15768.26
647.956,15768.26
649.038,15768.26
650.121,15768.26
651.203,15833.33
652.286,15898.73
653.369,15898.73
654.467,15833.33
655.549,15768.26
656.631,15833.33
657.714,15964.47
658.796,15964.47
659.878,16030.53
660.961,15964.47
662.043,15833.33
663.126,16096.94
664.208,15964.47
665.29,16096.94
666.373,16030.53
667.456,16030.53
668.54,16163.68
669.623,16163.68
670.706,16096.94
671.789,16163.68
672.872,16163.68
673.962,16096.94
675.045,16096.94
676.128,16163.68
677.211,16230.77
678.294,16230.77
679.376,16298.2
680.459,16230.77
681.542,16163.68
682.625,16096.94
683.708,16230.77
684.805,16230.77
685.888,16298.2
686.97,16163.68
688.053,16230.77
689.136,16230.77
690.219,16230.77
691.302,16365.98
692.385,16298.2
693.468,16434.11
694.55,16096.94
695.633,16230.77
696.718,16230.77
697.801,16298.2
698.884,16163.68
699.966,16298.2
701.049,16298.2
702.131,16230.77
703.214,16365.98
704.296,16230.77
705.379,16163.68
706.461,16163.68
707.543,16230.77
708.625,16230.77
709.707,16163.68
710.79,16230.77
711.871,16096.94
712.952,16163.68
714.033,16096.94
715.114,16163.68
716.211,16163.68
717.292,16096.94
718.373,16030.53
719.454,16030.53
720.535,16096.94
721.616,16030.53
722.697,16030.53
723.778,16030.53
724.859,16030.53
725.94,16096.94
727.021,16030.53
728.102,16030.53
729.183,15964.47
730.264,16030.53
731.345,16030.53
732.426,16163.68
733.507,16030.53
734.588,16096.94
735.669,16096.94
736.75,16163.68
737.831,16096.94
738.912,16096.94
739.993,16030.53
741.074,16030.53
742.155,16030.53
743.236,16096.94
744.317,16163.68
745.398,16096.94
746.494,16030.53
747.575,15964.47
748.656,16096.94
749.737,16030.53
750.818,16030.53
751.899,16096.94
752.98,16096.94
754.061,16096.94
755.142,16163.68
756.222,16030.53
757.302,16030.53
758.382,16096.94
759.462,16163.68
760.542,16096.94
761.622,18104.4
762.702,16096.94
763.782,16163.68
764.862,16163.68
765.942,16230.77
767.022,16298.2
768.102,16163.68
769.182,16163.68
770.262,16298.2
771.342,16298.2
772.422,16230.77
773.502,16230.77
774.582,16230.77
775.662,16298.2
776.742,16298.2
777.838,16230.77
778.918,16298.2
779.998,16365.98
781.078,16230.77
782.158,16298.2
783.238,16163.68
784.318,16230.77
785.398,16298.2
786.478,16298.2
787.558,16365.98
788.638,16365.98
789.718,16434.11
790.798,16365.98
791.878,16365.98
792.958,16365.98
794.038,16298.2
795.118,16365.98
796.198,16298.2
797.278,16230.77
798.358,16298.2
799.438,16298.2
800.518,16365.98
801.598,16230.77
802.678,16230.77
803.758,16096.94
804.839,16096.94
805.92,16030.53
807.001,16030.53
808.097,16096.94
809.179,16030.53
810.267,16096.94
811.348,16163.68
812.429,16030.53
813.51,16096.94
814.591,16030.53
815.672,16163.68
816.753,16163.68
817.834,16096.94
818.918,16030.53
820.001,16096.94
821.083,16030.53
822.166,16030.53
823.249,15964.47
824.331,15575.0
825.413,16163.68
826.495,16230.77
827.578,16230.77
828.661,16298.2
829.743,16298.2
830.825,16298.2
831.907,16298.2
832.989,16298.2
834.071,16365.98
835.153,16298.2
836.235,16298.2
837.317,16230.77
838.415,16163.68
839.497,16230.77
840.579,16230.77
841.662,16230.77
842.745,16163.68
843.828,16163.68
844.91,16096.94
845.993,16096.94
847.076,16096.94
848.159,16096.94
849.241,16096.94
850.323,16030.53
851.406,16096.94
852.489,16096.94
853.571,16096.94
854.653,16030.53
855.736,16096.94
856.818,15964.47
857.9,15964.47
858.982,15964.47
860.064,15964.47
861.146,16030.53
862.229,16030.53
863.312,16030.53
864.395,15964.47
865.478,15964.47
866.56,16030.53
867.643,16030.53
868.725,15964.47
869.822,16096.94
870.905,16030.53
871.987,16030.53
873.07,16096.94
874.152,16030.53
875.234,15964.47
876.316,16096.94
877.398,16096.94
878.481,16163.68
879.563,16096.94
880.646,16096.94
881.728,16096.94
882.811,16030.53
883.893,16096.94
884.976,16163.68
886.059,16096.94
887.141,16163.68
888.224,16163.68
889.306,16163.68
890.388,16096.94
891.47,16096.94
892.552,16096.94
893.635,15703.52
894.717,16096.94
895.799,16096.94
896.881,16096.94
897.963,16096.94
899.045,16096.94
900.143,16163.68
901.225,16096.94
902.307,16096.94
903.39,16030.53
904.473,16096.94
905.556,16096.94
906.639,16030.53
907.722,16030.53
908.805,16096.94
909.887,16096.94
910.969,16030.53
912.051,16030.53
913.134,15964.47
914.216,16030.53
915.298,16030.53
916.38,16096.94
917.463,16030.53
918.545,16030.53
919.628,15964.47
920.71,16030.53
921.793,16030.53
922.876,15964.47
923.959,15964.47
925.041,15964.47
926.123,15964.47
927.206,16030.53
928.289,15898.73
929.372,16030.53
930.456,15964.47
931.553,15833.33
932.636,15898.73
933.719,15833.33
934.801,15833.33
935.884,15964.47
936.966,15833.33
938.048,15898.73
939.131,15964.47
940.214,15833.33
941.296,16298.2
942.378,15964.47
943.46,15964.47
944.542,15898.73
945.626,15898.73
946.715,15964.47
947.798,15833.33
948.881,15321.78
949.964,15898.73
951.047,15964.47
952.129,15964.47
953.211,15898.73
954.293,15898.73
955.376,15833.33
956.459,15833.33
957.541,15833.33
958.624,15898.73
959.706,15898.73
960.789,15833.33
961.887,15833.33
962.97,15833.33
964.053,15833.33
965.136,15833.33
966.219,15833.33
967.302,15833.33
968.385,15768.26
969.468,15768.26
970.55,15833.33
971.633,15833.33
972.715,16030.53
973.798,15898.73
974.881,15768.26
975.963,15833.33
977.045,16434.11
978.127,15768.26
979.21,15833.33
980.293,15768.26
981.376,15833.33
982.459,15898.73
983.542,15703.52
984.625,15768.26
985.708,15768.26
986.791,15768.26
987.874,15833.33
988.956,15703.52
990.038,15639.1
991.12,15703.52
992.203,15703.52
993.3,15639.1
994.383,15703.52
995.466,15703.52
996.549,15703.52
997.632,15703.52
998.715,15703.52
999.798,15639.1
1000.881,15639.1
1001.964,15639.1
1003.047,15703.52
1004.13,15575.0
1005.213,15639.1
1006.296,15575.0
1007.379,15768.26
1008.462,15575.0
1009.545,15768.26
1010.628,15703.52
1011.711,15768.26
1012.794,15768.26
1013.876,15833.33
1014.958,15703.52
1016.04,15639.1
1017.122,15639.1
1018.204,15639.1
1019.285,15703.52
1020.367,15575.0
1021.449,15639.1
1022.546,15511.22
1023.628,15639.1
1024.709,15575.0
1025.79,15639.1
1026.872,15639.1
1027.954,15639.1
1029.036,15703.52
1030.118,15703.52
1031.199,15703.52
1032.28,15639.1
1033.362,15703.52
1034.443,15703.52
1035.524,15639.1
1036.606,15703.52
1037.688,15639.1
1038.769,15639.1
1039.851,15639.1
1040.933,15639.1
1042.015,15639.1
1043.097,15703.52
1044.179,15768.26
1045.261,15575.0
1046.343,15639.1
1047.425,15703.52
1048.507,15639.1
1049.589,15703.52
1050.671,15703.52
1051.767,15768.26
1052.849,15833.33
1053.931,15768.26
1055.012,15768.26
1056.094,15833.33
1057.176,15703.52
1058.258,15768.26
1059.339,15768.26
1060.421,15768.26
1061.503,15768.26
1062.585,15703.52
1063.666,15768.26
1064.748,15703.52
1065.83,15639.1
1066.911,15703.52
1067.993,15703.52
1069.075,15639.1
1070.157,15575.0
1071.239,15639.1
1072.321,15703.52
1073.403,15639.1
1074.485,15575.0
1075.567,15639.1
1076.648,15639.1
1077.73,15703.52
1078.812,15639.1
1079.893,15639.1
1080.99,15511.22
1082.079,15575.0
1083.161,15639.1
1084.243,15575.0
1085.325,15575.0
1086.407,15639.1
1087.489,15511.22
1088.571,15639.1
1089.652,15575.0
1090.734,15575.0
1091.816,15575.0
1092.897,15575.0
1093.979,15511.22
1095.061,15511.22
1096.143,15575.0
1097.225,15639.1
1098.307,15575.0
1099.389,15511.22
1100.471,15639.1
1101.553,15511.22
1102.635,15575.0
1103.717,15511.22
1104.799,15639.1
1105.88,15639.1
1106.962,15639.1
1108.044,15639.1
1109.126,15639.1
1110.222,15639.1
1111.304,15639.1
1112.386,15575.0
1113.468,15511.22
1114.55,15575.0
1115.631,15511.22
1116.712,15575.0
1117.793,15575.0
1118.875,15575.0
1119.956,15575.0
1121.038,15575.0
1122.12,15575.0
1123.201,15575.0
1124.282,15447.76
1125.364,15575.0
1126.446,15575.0
1127.528,15575.0
1128.61,15575.0
1129.692,15575.0
1130.774,15575.0
1131.856,15575.0
1132.938,15575.0
1134.02,15639.1
1135.102,15511.22
1136.184,15575.0
1137.266,15575.0
1138.348,15639.1
1139.445,15639.1
1140.526,15639.1
1141.607,15575.0
1142.689,15639.1
1143.771,15639.1
1144.853,15703.52
1145.934,15703.52
1147.016,15703.52
1148.097,15639.1
1149.179,15639.1
1150.261,15703.52
1151.343,15639.1
1152.424,15703.52
1153.505,15768.26
1154.587,15703.52
1155.668,15639.1
1156.75,15575.0
1157.832,15703.52
1158.913,15703.52
1159.994,15639.1
1161.075,15703.52
1162.157,15639.1
1163.238,15703.52
1164.32,15703.52
1165.401,15703.52
1166.482,15703.52
1167.563,15703.52
1168.659,15703.52
1169.741,15703.52
1170.823,15768.26
1171.905,15703.52
1172.987,15575.0
1174.069,15768.26
1175.151,15768.26
1176.233,15768.26
1177.314,15768.26
1178.396,15703.52
1179.477,15768.26
1180.559,15768.26
1181.64,15703.52
1182.722,15768.26
1183.804,15768.26
1184.885,15768.26
1185.966,15703.52
1187.048,15703.52
1188.13,15703.52
1189.211,15639.1
1190.293,15703.52
1191.374,15575.0
1192.455,15703.52
1193.537,15575.0
1194.619,15639.1
1195.701,15639.1
1196.783,15639.1
1197.88,15575.0
1198.961,15639.1
1200.042,15639.1
1201.123,15575.0
1202.204,15639.1
1203.285,15639.1
1204.366,15575.0
1205.447,15639.1
1206.529,15575.0
1207.61,15511.22
1208.691,15575.0
1209.772,15511.22
1210.853,15575.0
1211.934,15511.22
1213.015,15511.22
1214.096,15575.0
1215.177,15511.22
1216.259,15575.0
1217.34,15575.0
1218.429,15447.76
1219.511,15447.76
1220.593,15447.76
1221.675,15511.22
1222.757,15511.22
1223.839,15511.22
1224.921,15447.76
1226.003,15447.76
1227.099,15384.62
1228.181,15511.22
1229.263,15511.22
1230.345,15384.62
1231.427,15447.76
1232.509,15447.76
1233.591,15447.76
1234.673,15447.76
1235.755,15384.62
1236.837,15511.22
1237.919,15447.76
1239.001,15447.76
1240.082,15447.76
1241.164,15384.62
1242.246,15447.76
1243.328,15447.76
1244.41,15384.62
1245.491,15447.76
1246.573,15384.62
1247.655,15384.62
1248.737,15447.76
1249.819,15384.62
1250.901,15447.76
1251.983,15447.76
1253.065,15447.76
1254.147,15321.78
1255.229,15447.76
1256.326,15384.62
1257.408,15447.76
1258.49,15384.62
1259.572,15384.62
1260.654,15259.26
1261.736,15384.62
1262.818,15447.76
1263.9,15447.76
1264.982,15321.78
1266.063,15384.62
1267.145,15384.62
1268.225,15259.26
1269.305,15321.78
1270.385,15197.05
1271.465,15321.78
1272.545,15259.26
1273.625,15447.76
1274.705,15384.62
1275.785,15259.26
1276.865,15321.78
1277.945,15259.26
1279.025,15259.26
1280.105,15197.05
1281.185,15259.26
1282.265,15259.26
1283.345,15259.26
1284.425,15259.26
1285.52,15259.26
1286.6,15259.26
1287.68,15197.05
1288.76,15259.26
1289.84,15197.05
1290.92,15321.78
1292.0,15259.26
1293.08,15259.26
1294.16,15197.05
1295.24,15197.05
1296.32,15135.14
1297.4,15259.26
1298.48,15259.26
1299.56,15073.53
1300.64,15259.26
1301.72,15197.05
1302.8,15259.26
1303.88,15259.26
1304.96,15197.05
1306.04,15197.05
1307.12,15197.05
1308.2,15259.26
1309.28,15135.14
1310.36,15135.14
1311.44,15197.05
1312.52,15135.14
1313.6,15135.14
1314.668,15135.14
1315.748,15135.14
1316.828,15135.14
1317.908,15135.14
1318.988,15073.53
1320.068,15135.14
1321.148,15135.14
1322.228,15135.14
1323.308,15197.05
1324.388,15073.53
1325.468,15197.05
1326.548,15197.05
1327.628,15135.14
1328.708,15073.53
1329.788,15197.05
1330.868,15135.14
1331.948,15135.14
1333.028,15135.14
1334.108,15135.14
1335.188,15135.14
1336.268,15197.05
1337.348,15135.14
1338.428,15135.14
1339.508,15135.14
1340.588,15073.53
1341.669,15012.23
1342.765,15135.14
1343.845,15135.14
1344.925,15135.14
1346.005,15135.14
1347.085,15135.14
1348.165,15197.05
1349.245,15135.14
1350.325,15135.14
1351.405,15135.14
1352.485,15073.53
1353.565,15135.14
1354.653,15073.53
1355.733,15135.14
1356.813,15135.14
1357.893,15073.53
1358.973,15073.53
1360.054,15073.53
1361.134,15135.14
1362.214,15135.14
1363.294,15073.53
1364.375,15135.14
1365.455,15135.14
1366.535,15135.14
1367.615,15135.14
1368.695,15073.53
1369.775,15073.53
1370.855,15197.05
1371.95,15135.14
1373.03,15135.14
1374.11,15135.14
1375.19,15197.05
1376.27,15197.05
1377.35,15259.26
1378.43,15197.05
1379.51,15197.05
1380.59,15197.05
1381.67,15197.05
1382.75,15197.05
1383.83,15259.26
1384.91,15259.26
1385.99,15321.78
1387.07,15197.05
1388.15,15259.26
1389.23,15197.05
1390.31,15447.76
1391.39,15321.78
1392.47,15321.78
1393.55,15321.78
1394.63,15384.62
1395.71,15259.26
1396.79,15321.78
1397.871,15321.78
1398.951,15321.78
1400.031,15384.62
1401.127,15321.78
1402.207,15197.05
1403.287,15197.05
1404.367,15135.14
1405.447,15259.26
1406.527,15197.05
1407.607,15197.05
1408.687,15197.05
1409.767,15259.26
1410.847,15197.05
1411.927,15197.05
1413.007,15197.05
1414.087,15197.05
1415.167,15259.26
1416.247,15259.26
1417.327,15259.26
1418.407,15321.78
1419.487,15259.26
1420.567,15259.26
1421.647,15197.05
1422.727,15259.26
1423.807,15259.26
1424.887,15197.05
1425.967,15259.26
1427.047,15197.05
1428.127,15197.05
1429.207,15259.26
1430.302,15197.05
1431.382,15197.05
1432.462,15197.05
1433.542,15073.53
1434.622,15135.14
1435.702,15259.26
1436.782,15197.05
1437.862,15197.05
1438.942,15197.05
1440.022,15135.14
1441.102,15197.05
1442.182,15135.14
1443.262,15259.26
1444.342,15197.05
1445.422,15197.05
1446.502,15259.26
1447.582,15259.26
1448.662,15197.05
1449.742,15197.05
1450.822,15197.05
1451.903,15259.26
1452.983,15259.26
1454.063,15197.05
1455.143,15197.05
1456.223,15197.05
1457.303,15259.26
1458.383,15259.26
1459.479,15197.05
1460.559,15259.26
1461.639,15321.78
1462.719,15321.78
1463.799,15384.62
1464.879,15321.78
1465.959,15384.62
1467.039,15321.78
1468.119,15259.26
1469.199,15384.62
1470.279,15384.62
1471.359,15384.62
1472.439,15321.78
1473.519,15321.78
1474.599,15259.26
1475.679,15259.26
1476.759,15197.05
1477.839,15384.62
1478.919,15321.78
1479.999,15321.78
1481.079,15321.78
1482.159,15384.62
1483.239,15384.62
1484.319,15384.62
1485.399,15321.78
1486.479,15384.62
1487.559,15321.78
1488.654,15321.78
1489.736,15321.78
1490.823,15321.78
1491.903,15321.78
1492.984,15321.78
1494.065,15321.78
1495.145,15259.26
1496.225,15384.62
1497.305,15321.78
1498.385,15321.78
1499.465,15321.78
1500.546,15259.26
1501.626,15259.26
1502.706,15259.26
1503.786,15321.78
1504.866,15321.78
1505.946,15259.26
1507.026,15259.26
1508.106,15259.26
1509.186,15321.78
1510.266,15259.26
1511.346,15197.05
1512.426,15259.26
1513.506,15259.26
1514.586,15321.78
1515.666,15259.26
1516.746,15259.26
1517.842,15197.05
1518.922,15259.26
1520.003,15259.26
1521.083,15197.05
1522.163,15197.05
1523.243,15259.26
1524.324,15259.26
1525.404,15197.05
1526.484,15197.05
1527.564,15197.05
1528.644,15197.05
1529.724,15197.05
1530.804,15197.05
1531.884,15197.05
1532.964,15197.05
1534.044,15259.26
1535.124,15135.14
1536.204,15321.78
1537.284,15259.26
1538.364,15259.26
1539.444,15259.26
1540.524,15321.78
1541.604,15259.26
1542.684,15197.05
1543.764,15321.78
1544.844,15321.78
1545.924,15384.62
1547.019,15384.62
1548.1,15447.76
1549.18,15384.62
1550.26,15447.76
1551.34,15447.76
1552.42,15447.76
1553.5,15511.22
1554.58,15511.22
1555.66,15384.62
1556.74,15511.22
1557.82,15447.76
1558.9,15447.76
1559.98,15447.76
1561.061,15447.76
1562.141,15447.76
1563.221,15511.22
1564.301,15511.22
1565.381,15511.22
1566.461,15447.76
1567.541,15447.76
1568.621,15447.76
1569.701,15384.62
1570.781,15384.62
1571.861,15447.76
1572.941,15447.76
1574.021,15447.76
1575.101,15447.76
1576.197,15384.62
1577.277,15511.22
1578.357,15447.76
1579.437,15447.76
1580.517,15447.76
1581.598,15511.22
1582.678,15511.22
1583.759,15511.22
1584.839,15511.22
1585.919,15447.76
1586.999,15511.22
1588.079,15511.22
1589.159,15511.22
1590.239,15511.22
1591.319,15575.0
1592.399,15511.22
1593.479,15575.0
1594.56,15575.0
1595.64,15703.52
1596.72,15639.1
1597.8,15639.1
1598.88,15703.52
1599.96,15575.0
1601.04,15703.52
1602.12,15639.1
1603.2,15703.52
1604.28,15639.1
1605.376,15703.52
1606.457,15639.1
1607.539,15768.26
1608.621,15703.52
1609.703,15768.26
1610.785,15768.26
1611.867,15639.1
1612.949,15703.52
1614.031,15639.1
1615.113,15703.52
1616.195,15639.1
1617.277,15575.0
1618.359,15639.1
1619.441,15575.0
1620.523,15639.1
1621.605,15639.1
1622.687,15639.1
1623.769,15703.52
1624.852,15575.0
1625.936,15575.0
1627.025,15511.22
1628.108,15511.22
1629.191,15575.0
1630.274,15511.22
1631.357,15511.22
1632.44,15575.0
1633.523,15511.22
1634.622,15447.76
1635.705,15575.0
1636.788,15447.76
1637.871,15447.76
1638.954,15447.76
1640.037,15511.22
1641.12,15447.76
1642.203,15447.76
1643.286,15384.62
1644.369,15384.62
1645.452,15384.62
1646.535,15384.62
1647.618,15259.26
1648.701,15197.05
1649.784,15259.26
1650.867,15384.62
1651.95,15384.62
1653.035,15321.78
1654.118,15259.26
1655.201,15259.26
1656.285,15321.78
1657.368,15321.78
1658.451,15259.26
1659.534,15259.26
1660.617,15321.78
1661.7,15197.05
1662.783,15321.78
1663.88,15259.26
1664.963,15259.26
1666.046,15321.78
1667.129,15197.05
1668.212,15321.78
1669.295,15259.26
1670.378,15321.78
1671.461,15384.62
1672.544,15259.26
1673.627,15447.76
1674.71,15384.62
1675.793,15384.62
1676.876,15384.62
1677.959,15259.26
1679.042,15384.62
1680.125,15384.62
1681.208,15447.76
1682.291,15384.62
1683.374,15447.76
1684.458,15447.76
1685.541,15384.62
1686.624,15447.76
1687.707,15511.22
1688.79,15575.0
1689.873,15384.62
1690.956,15447.76
1692.039,15384.62
1693.138,15447.76
1694.221,15384.62
1695.304,15447.76
1696.387,15321.78
1697.47,15384.62
1698.553,15384.62
1699.636,15447.76
1700.719,15384.62
1701.802,15447.76
1702.885,15384.62
1703.968,15447.76
1705.051,15447.76
1706.134,15447.76
1707.217,15447.76
1708.3,15384.62
1709.383,15384.62
1710.466,15384.62
1711.549,15321.78
1712.632,15447.76
1713.715,15511.22
1714.798,15511.22
1715.881,15511.22
1716.964,15447.76
1718.047,15384.62
1719.13,15511.22
1720.213,15447.76
1721.296,15511.22
1722.393,15511.22
1723.476,15447.76
1724.559,15447.76
1725.642,15447.76
1726.725,15447.76
1727.808,15511.22
1728.891,15447.76
1729.974,15447.76
1731.057,15384.62
1732.14,15447.76
1733.223,15447.76
1734.306,15384.62
1735.389,15321.78
1736.472,15384.62
1737.555,15447.76
1738.638,15384.62
1739.721,15321.78
1740.804,15447.76
1741.887,15321.78
1742.97,15384.62
1744.054,15321.78
1745.137,15197.05
1746.22,15321.78
1747.303,15384.62
1748.387,15321.78
1749.47,15259.26
1750.553,15321.78
1751.652,15321.78
1752.736,15384.62
1753.819,15384.62
1754.902,15384.62
1755.985,15384.62
1757.068,15321.78
1758.151,15321.78
1759.234,15321.78
1760.317,15321.78
1761.401,15259.26
1762.492,15321.78
1763.575,15321.78
1764.659,15384.62
1765.743,15321.78
1766.827,15384.62
1767.911,15384.62
1768.994,15321.78
1770.078,15259.26
1771.161,15259.26
1772.245,15321.78
1773.329,15259.26
1774.412,15259.26
1775.495,15197.05
1776.578,15321.78
1777.661,15321.78
1778.744,15321.78
1779.827,15384.62
1780.925,15321.78
1782.008,15321.78
1783.091,15259.26
1784.174,15259.26
1785.257,15259.26
1786.34,15259.26
1787.424,15197.05
1788.508,15259.26
1789.591,15321.78
1790.674,15197.05
1791.757,15259.26
1792.84,15197.05
1793.923,15197.05
1795.006,15259.26
1796.089,15321.78
1797.172,15073.53
1798.255,15197.05
1799.338,15197.05
1800.421,15135.14
1801.504,15073.53
1802.587,15135.14
1803.671,15073.53
1804.754,15073.53
1805.838,15073.53
1806.921,15073.53
1808.005,15012.23
1809.088,15073.53
1810.188,15135.14
1811.272,15135.14
1812.356,15073.53
1813.439,14951.22
1814.522,15012.23
1815.607,15012.23
1816.69,15135.14
1817.773,15135.14
1818.856,15135.14
1819.938,15073.53
1821.02,15073.53
1822.102,14951.22
1823.184,15012.23
1824.266,15073.53
1825.348,15012.23
1826.43,15135.14
1827.511,15073.53
1828.592,15012.23
1829.674,15012.23
1830.756,15073.53
1831.838,15012.23
1832.92,15073.53
1834.002,15012.23
1835.084,15012.23
1836.166,15012.23
1837.248,15012.23
1838.33,15012.23
1839.426,15012.23
1840.508,15012.23
1841.59,14951.22
1842.672,15135.14
1843.754,15012.23
1844.836,15073.53
1845.918,15012.23
1847.0,15012.23
1848.082,15012.23
1849.164,14951.22
1850.246,15012.23
1851.328,14830.1
1852.41,15012.23
1853.492,14951.22
1854.573,14890.51
1855.654,14951.22
1856.736,14890.51
1857.818,14951.22
1858.9,14951.22
1859.982,14951.22
1861.064,14951.22
1862.146,14890.51
1863.226,14951.22
1864.306,14830.1
1865.386,14830.1
1866.466,14830.1
1867.546,14890.51
1868.614,14830.1
1869.694,14890.51
1870.774,14830.1
1871.854,14830.1
1872.934,14769.98
1874.014,14710.14
1875.094,14830.1
1876.174,14890.51
1877.254,14830.1
1878.334,14710.14
1879.414,14769.98
1880.494,14769.98
1881.574,14769.98
1882.654,14710.14
1883.734,14830.1
1884.814,14769.98
1885.894,14890.51
1886.974,14769.98
1888.054,14830.1
1889.134,14769.98
1890.214,14830.1
1891.294,14769.98
1892.374,14830.1
1893.454,14830.1
1894.534,14769.98
1895.614,14710.14
1896.71,14830.1
1897.79,14769.98
1898.878,14769.98
1899.958,14830.1
1901.038,14710.14
1902.118,14769.98
1903.198,14710.14
1904.278,14710.14
1905.358,14769.98
1906.438,14710.14
1907.518,14769.98
1908.598,14710.14
1909.678,14650.6
1910.758,14650.6
1911.838,14769.98
1912.918,14591.35
1913.998,14710.14
1915.078,14710.14
1916.158,14769.98
1917.238,14650.6
1918.318,14710.14
1919.398,14650.6
1920.478,14769.98
1921.558,14890.51
1922.638,14769.98
1923.718,14710.14
1924.798,14769.98
1925.936,14710.14
1927.029,14710.14
1928.122,14769.98
1929.215,14769.98
1930.308,14710.14
1931.401,14710.14
1932.494,14769.98
1933.587,14650.6
1934.68,14710.14
1935.773,14650.6
1936.866,14650.6
1937.959,14650.6
1939.052,14650.6
1940.145,14710.14
1941.238,14650.6
1942.331,14710.14
1943.424,14650.6
1944.517,14591.35
1945.61,14650.6
1946.703,14710.14
1947.796,14650.6
1948.889,14650.6
1949.982,14591.35
1951.075,14650.6
1952.168,14710.14
1953.261,14650.6
1954.354,14710.14
1955.463,14650.6
1956.555,14650.6
1957.647,14650.6
1958.739,14591.35
1959.831,14650.6
1960.923,14650.6
1962.015,14650.6
1963.107,14710.14
1964.199,14650.6
1965.291,14650.6
1966.383,14650.6
1967.475,14710.14
1968.567,14710.14
1969.659,14710.14
1970.751,14650.6
1971.843,14769.98
1972.935,14710.14
1974.027,14650.6
1975.119,14769.98
1976.211,14650.6
1977.303,14830.1
1978.395,14769.98
1979.487,14830.1
1980.579,14769.98
1981.671,14890.51
1982.763,14769.98
1983.855,14951.22
1984.962,14890.51
1986.054,14951.22
1987.146,15012.23
1988.238,15012.23
1989.33,15012.23
1990.422,15012.23
1991.514,14951.22
1992.606,14951.22
1993.698,15012.23
1994.79,14951.22
1995.882,15073.53
1996.974,15073.53
1998.066,15073.53
1999.158,15012.23
2000.25,15012.23
2001.342,14951.22
2002.434,15073.53
2003.526,15012.23
2004.618,15012.23
2005.71,15012.23
2006.802,15012.23
2007.894,15073.53
2008.986,14951.22
2010.078,15012.23
2011.17,15073.53
2012.262,15073.53
2013.354,15073.53
2014.462,15073.53
2015.554,15073.53
2016.646,15073.53
2017.738,15012.23
2018.83,14951.22
2019.922,15012.23
2021.014,14951.22
2022.106,14951.22
2023.198,15012.23
2024.29,15012.23
2025.382,15012.23
2026.474,15073.53
2027.566,15012.23
2028.658,14951.22
2029.75,14951.22
2030.842,15012.23
2031.934,14951.22
2033.026,15012.23
2034.118,14951.22
2035.248,14951.22
2036.34,14951.22
2037.432,14951.22
2038.524,14951.22
2039.616,15012.23
2040.708,14951.22
2041.8,14951.22
2042.892,14830.1
2044.0,14890.51
2045.094,15012.23
2046.188,14890.51
2047.282,14951.22
2048.404,14890.51
2049.498,14951.22
2050.592,14890.51
2051.686,14890.51
2052.78,14890.51
2053.874,14890.51
2054.968,14890.51
2056.062,14890.51
2057.157,14830.1
2058.252,14890.51
2059.347,14951.22
2060.442,14951.22
2061.57,15321.78
2062.665,14830.1
2063.76,14769.98
2064.855,14769.98
2065.95,14890.51
2067.045,14890.51
2068.14,14769.98
2069.236,14830.1
2070.331,14890.51
2071.427,14830.1
2072.522,14710.14
2073.674,14769.98
2074.769,14769.98
2075.864,14769.98
2076.959,14830.1
2078.055,14769.98
2079.15,14769.98
2080.245,14769.98
2081.34,14830.1
2082.435,14769.98
2083.53,14769.98
2084.626,14830.1
2085.721,14710.14
2086.859,14769.98
2087.955,14769.98
2089.05,14710.14
2090.145,14769.98
2091.24,14710.14
2092.335,14769.98
2093.43,13957.85
2094.525,14710.14
2095.62,14710.14
2096.715,14769.98
2097.81,14710.14
2098.906,14769.98
2100.023,14769.98
2101.118,14769.98
2102.213,14710.14
2103.323,14710.14
2104.418,14769.98
2105.513,14769.98
2106.608,14769.98
2107.704,14830.1
2108.799,14830.1
2109.895,14769.98
2110.99,14769.98
2112.085,14830.1
2113.252,14769.98
2114.348,14830.1
2115.443,14769.98
2116.538,14830.1
2117.633,14890.51
2118.728,14830.1
2119.823,14830.1
2120.918,14830.1
2122.013,14830.1
2123.108,14890.51
2124.203,14951.22
2125.298,14951.22
2126.393,14890.51
2127.489,15135.14
2128.585,14951.22
2129.733,14890.51
2130.828,15012.23
2131.923,15012.23
2133.034,15073.53
2134.129,14830.1
2135.224,14951.22
2136.319,14951.22
2137.414,15012.23
2138.509,14951.22
2139.605,14890.51
2140.7,15012.23
2141.795,15012.23
2142.89,14951.22
2143.985,14951.22
2145.08,15012.23
2146.187,15073.53
2147.282,15012.23
2148.377,14951.22
2149.472,15012.23
2150.567,15073.53
2151.662,15012.23
2152.758,14951.22
2153.853,15012.23
2154.948,15073.53
2156.043,15073.53
2157.138,14951.22
2158.233,15012.23
2159.328,15012.23
2160.423,15012.23
2161.518,15012.23
2162.69,15135.14
2163.785,14951.22
2164.88,15073.53
2165.975,15012.23
2167.07,15135.14
2168.166,15012.23
2169.261,15012.23
2170.356,15073.53
2171.451,15012.23
2172.547,15073.53
2173.649,15073.53
2174.744,15073.53
2175.84,15135.14
2176.936,15012.23
2178.031,15135.14
2179.126,15135.14
2180.221,15073.53
2181.317,15135.14
2182.412,15073.53
2183.508,15135.14
2184.603,15073.53
2185.698,15135.14
2186.794,15259.26
2187.89,15197.05
2188.985,15135.14
2190.08,15259.26
2191.175,15135.14
2192.286,15135.14
2193.382,15197.05
2194.477,15135.14
2195.572,15197.05
2196.667,15135.14
2197.762,15073.53
2198.857,15135.14
2199.952,15197.05
2201.047,15135.14
2202.142,15197.05
2203.237,15197.05
2204.332,15197.05
2205.427,15259.26
2206.522,15197.05
2207.618,15447.76
2208.713,15197.05
2209.809,15135.14
2210.904,15259.26
2211.999,15259.26
2213.094,15135.14
2214.189,15259.26
2215.284,15197.05
2216.38,15197.05
2217.475,15197.05
2218.571,15197.05
2219.666,15197.05
2220.761,15259.26
2221.87,15197.05
2222.965,15197.05
2224.06,15197.05
2225.156,15197.05
2226.251,15197.05
2227.347,15135.14
2228.443,15135.14
2229.538,15135.14
2230.634,15135.14
2231.73,15197.05
2232.826,15259.26
2233.921,15197.05
2235.017,15197.05
2236.113,15259.26
2237.208,15135.14
2238.304,15259.26
2239.399,15197.05
2240.495,15259.26
2241.59,15197.05
2242.685,15384.62
2243.782,15197.05
2244.877,15197.05
2245.972,15259.26
2247.067,15197.05
2248.162,15259.26
2249.257,15321.78
2250.352,15321.78
2251.463,15197.05
2252.558,15259.26
2253.653,15197.05
2254.748,15259.26
2255.843,15197.05
2256.938,15259.26
2258.033,15259.26
2259.128,15321.78
2260.223,15639.1
2261.318,15259.26
2262.413,15259.26
2263.508,15135.14
2264.603,15197.05
2265.698,15833.33
2266.793,15197.05
2267.888,15259.26
2268.982,15197.05
2270.076,15197.05
2271.17,15197.05
2272.264,15135.14
2273.358,15135.14
2274.452,15135.14
2275.546,15197.05
2276.64,15135.14
2277.734,15197.05
2278.828,15197.05
2279.922,15135.14
2281.03,15197.05
2282.124,15197.05
2283.218,15197.05
2284.312,15073.53
2285.406,15135.14
2286.5,15135.14
2287.594,15073.53
2288.688,15135.14
2289.782,15073.53
2290.876,15073.53
2291.97,15197.05
2293.064,15135.14
2294.158,15135.14
2295.252,15197.05
2296.346,15135.14
2297.44,15197.05
2298.534,15259.26
2299.628,15135.14
2300.722,15135.14
2301.816,15135.14
2302.91,15135.14
2304.004,15135.14
2305.098,15135.14
2306.192,15197.05
2307.286,15073.53
2308.38,15135.14
2309.474,15073.53
2310.591,15135.14
2311.685,15073.53
2312.779,15197.05
2313.873,15135.14
2314.969,15073.53
2316.064,15073.53
2317.159,15073.53
2318.254,14951.22
2319.35,15073.53
2320.445,15073.53
2321.54,15135.14
2322.635,15073.53
2323.73,15012.23
2324.825,15012.23
2325.92,15012.23
2327.015,15012.23
2328.11,15073.53
2329.205,15012.23
2330.3,14951.22
2331.395,15073.53
2332.49,14890.51
2333.585,15012.23
2334.68,14951.22
2335.775,14890.51
2336.87,15012.23
2337.965,14890.51
2339.061,14890.51
2340.171,14890.51
2341.266,14951.22
2342.361,15012.23
2343.456,14830.1
2344.551,14830.1
2345.646,14951.22
2346.741,14951.22
2347.836,14951.22
2348.931,14890.51
2350.026,14951.22
2351.121,14951.22
2352.216,14830.1
2353.311,14890.51
2354.406,14830.1
2355.501,14830.1
2356.596,14769.98
2357.691,14769.98
2358.786,14830.1
2359.882,14830.1
2360.977,14890.51
2362.072,14769.98
2363.167,14830.1
2364.262,14070.59
2365.357,14769.98
2366.452,14830.1
2367.547,14769.98
2368.644,14830.1
2369.755,14769.98
2370.85,14830.1
2371.945,14830.1
2373.041,15575.0
2374.137,14769.98
2375.232,14830.1
2376.327,14830.1
2377.422,14830.1
2378.517,14769.98
2379.612,14890.51
2380.707,14830.1
2381.802,14890.51
2382.897,14830.1
2383.992,14830.1
2385.087,14890.51
2386.182,14890.51
2387.277,14830.1
2388.372,14890.51
2389.467,14951.22
2390.563,15012.23
2391.658,15073.53
2392.754,15012.23
2393.85,15012.23
2394.945,15012.23
2396.04,15012.23
2397.136,15012.23
2398.232,14951.22
2399.342,15012.23
2400.438,15012.23
2401.533,15012.23
2402.628,15073.53
2403.723,15073.53
2404.818,15012.23
2405.913,15073.53
2407.008,14951.22
2408.103,15259.26
2409.199,15135.14
2410.294,15073.53
2411.389,15012.23
2412.484,15135.14
2413.579,15135.14
2414.674,15073.53
2415.769,15012.23
2416.864,15012.23
2417.959,15073.53
2419.055,15073.53
2420.151,15073.53
2421.246,15073.53
2422.341,15073.53
2423.436,15135.14
2424.531,15073.53
2425.626,15135.14
2426.722,15073.53
2427.818,15073.53
2428.901,15073.53
2429.996,15259.26
2431.092,14890.51
2432.187,15012.23
2433.282,14951.22
2434.377,15073.53
2435.472,15073.53
2436.567,15012.23
2437.662,15012.23
2438.757,15012.23
2439.852,14951.22
2440.947,15073.53
2442.042,15135.14
2443.137,15012.23
2444.232,15073.53
2445.328,15012.23
2446.423,14951.22
2447.518,14951.22
2448.614,15012.23
2449.716,15135.14
2450.811,15073.53
2451.906,15012.23
2453.001,15012.23
2454.096,14951.22
2455.191,15012.23
2456.286,15012.23
2457.397,15073.53
2458.492,14951.22
2459.587,15012.23
2460.682,15012.23
2461.777,14951.22
2462.872,15073.53
2463.968,14951.22
2465.063,15012.23
2466.159,14890.51
2467.254,14951.22
2468.35,14830.1
2469.445,15073.53
2470.54,14951.22
2471.636,15012.23
2472.731,14890.51
2473.827,14951.22
2474.922,14830.1
2476.017,15012.23
2477.112,14951.22
2478.208,14890.51
2479.304,14951.22
2480.399,14830.1
2481.494,15012.23
2482.59,14890.51
2483.687,14890.51
2484.784,14890.51
2485.88,14890.51
2486.99,14890.51
2488.086,14890.51
2489.182,14830.1
2490.279,14532.37
2491.375,14890.51
2492.471,14830.1
2493.567,14830.1
2494.665,14890.51
2495.76,14830.1
2496.855,14769.98
2497.95,14830.1
2499.045,14830.1
2500.14,14769.98
2501.235,14830.1
2502.33,14769.98
2503.425,14769.98
2504.52,14769.98
2505.615,14830.1
2506.71,14769.98
2507.805,14710.14
2508.899,14830.1
2509.993,14830.1
2511.087,14830.1
2512.181,14769.98
2513.275,14769.98
2514.369,14710.14
2515.463,14830.1
2516.572,14830.1
2517.666,14769.98
2518.76,14890.51
2519.854,14830.1
2520.948,14769.98
2522.042,14830.1
2523.136,14769.98
2524.23,14710.14
2525.324,14710.14
2526.418,14710.14
2527.512,14769.98
2528.606,14710.14
2529.7,14769.98
2530.794,14769.98
2531.888,14650.6
2532.982,14710.14
2534.076,14769.98
2535.17,14710.14
2536.264,14710.14
2537.358,14710.14
2538.452,14650.6
2539.546,14710.14
2540.64,14650.6
2541.734,14650.6
2542.828,14650.6
2543.922,14650.6
2545.016,14650.6
2546.124,14650.6
2547.218,14591.35
2548.312,14650.6
2549.406,14650.6
2550.5,14591.35
2551.594,14650.6
2552.686,14591.35
2553.778,14532.37
2554.87,14532.37
2555.962,14532.37
2557.054,14591.35
2558.146,14532.37
2559.238,14532.37
2560.33,14591.35
2561.422,14532.37
2562.514,14591.35
2563.606,14591.35
2564.698,14532.37
2565.79,14532.37
2566.882,14473.68
2567.974,14532.37
2569.066,14591.35
2570.158,14473.68
2571.25,14532.37
2572.342,14473.68
2573.434,14473.68
2574.526,14473.68
2575.634,14473.68
2576.726,14415.27
2577.818,14473.68
2578.91,14473.68
2580.002,14415.27
2581.094,14415.27
2582.186,14415.27
2583.278,14357.14
2584.37,14473.68
2585.462,14415.27
2586.562,14357.14
2587.654,14415.27
2588.747,14415.27
2589.839,14357.14
2590.931,14357.14
2592.023,14415.27
2593.115,14415.27
2594.207,14415.27
2595.299,14357.14
2596.391,14357.14
2597.483,14357.14
2598.575,14415.27
2599.667,14357.14
2600.759,14357.14
2601.851,14357.14
2602.943,14357.14
2604.035,14357.14
2605.142,14357.14
2606.234,14299.29
2607.326,14299.29
2608.418,14299.29
2609.51,14299.29
2610.644,14299.29
2611.753,14357.14
2612.861,14357.14
2613.97,14241.71
2615.08,14299.29
2616.19,14299.29
2617.329,14241.71
2618.494,14184.4
2619.664,14241.71
2620.813,14357.14
2621.907,14184.4
2623.001,14241.71
2624.095,14299.29
2625.189,14241.71
2626.283,14184.4
2627.377,14241.71
2628.473,14299.29
2629.568,14299.29
2630.663,14299.29
2631.758,14241.71
2632.853,14241.71
2633.948,14184.4
2635.059,14241.71
2636.154,14184.4
